{ "frames": {
   "Shark #Idle 0.aseprite": {
    "frame": { "x": 0, "y": 0, "w": 96, "h": 96 },
    "rotated": false,
    "trimmed": false,
    "spriteSourceSize": { "x": 0, "y": 0, "w": 96, "h": 96 },
    "sourceSize": { "w": 96, "h": 96 },
    "duration": 100
   },
   "Shark #Idle 1.aseprite": {
    "frame": { "x": 96, "y": 0, "w": 96, "h": 96 },
    "rotated": false,
    "trimmed": false,
    "spriteSourceSize": { "x": 0, "y": 0, "w": 96, "h": 96 },
    "sourceSize": { "w": 96, "h": 96 },
    "duration": 100
   },
   "Shark #Idle 2.aseprite": {
    "frame": { "x": 192, "y": 0, "w": 96, "h": 96 },
    "rotated": false,
    "trimmed": false,
    "spriteSourceSize": { "x": 0, "y": 0, "w": 96, "h": 96 },
    "sourceSize": { "w": 96, "h": 96 },
    "duration": 100
   },
   "Shark #Idle 3.aseprite": {
    "frame": { "x": 288, "y": 0, "w": 96, "h": 96 },
    "rotated": false,
    "trimmed": false,
    "spriteSourceSize": { "x": 0, "y": 0, "w": 96, "h": 96 },
    "sourceSize": { "w": 96, "h": 96 },
    "duration": 100
   },
   "Shark #Idle 4.aseprite": {
    "frame": { "x": 384, "y": 0, "w": 96, "h": 96 },
    "rotated": false,
    "trimmed": false,
    "spriteSourceSize": { "x": 0, "y": 0, "w": 96, "h": 96 },
    "sourceSize": { "w": 96, "h": 96 },
    "duration": 100
   },
   "Shark #Idle 5.aseprite": {
    "frame": { "x": 480, "y": 0, "w": 96, "h": 96 },
    "rotated": false,
    "trimmed": false,
    "spriteSourceSize": { "x": 0, "y": 0, "w": 96, "h": 96 },
    "sourceSize": { "w": 96, "h": 96 },
    "duration": 100
   },
   "Shark #Idle 6.aseprite": {
    "frame": { "x": 192, "y": 0, "w": 96, "h": 96 },
    "rotated": false,
    "trimmed": false,
    "spriteSourceSize": { "x": 0, "y": 0, "w": 96, "h": 96 },
    "sourceSize": { "w": 96, "h": 96 },
    "duration": 100
   },
   "Shark #Idle 7.aseprite": {
    "frame": { "x": 0, "y": 96, "w": 96, "h": 96 },
    "rotated": false,
    "trimmed": false,
    "spriteSourceSize": { "x": 0, "y": 0, "w": 96, "h": 96 },
    "sourceSize": { "w": 96, "h": 96 },
    "duration": 100
   },
   "Shark #Run 0.aseprite": {
    "frame": { "x": 96, "y": 96, "w": 96, "h": 96 },
    "rotated": false,
    "trimmed": false,
    "spriteSourceSize": { "x": 0, "y": 0, "w": 96, "h": 96 },
    "sourceSize": { "w": 96, "h": 96 },
    "duration": 100
   },
   "Shark #Run 1.aseprite": {
    "frame": { "x": 192, "y": 96, "w": 96, "h": 96 },
    "rotated": false,
    "trimmed": false,
    "spriteSourceSize": { "x": 0, "y": 0, "w": 96, "h": 96 },
    "sourceSize": { "w": 96, "h": 96 },
    "duration": 100
   },
   "Shark #Run 2.aseprite": {
    "frame": { "x": 288, "y": 96, "w": 96, "h": 96 },
    "rotated": false,
    "trimmed": false,
    "spriteSourceSize": { "x": 0, "y": 0, "w": 96, "h": 96 },
    "sourceSize": { "w": 96, "h": 96 },
    "duration": 100
   },
   "Shark #Run 3.aseprite": {
    "frame": { "x": 384, "y": 96, "w": 96, "h": 96 },
    "rotated": false,
    "trimmed": false,
    "spriteSourceSize": { "x": 0, "y": 0, "w": 96, "h": 96 },
    "sourceSize": { "w": 96, "h": 96 },
    "duration": 100
   },
   "Shark #Run 4.aseprite": {
    "frame": { "x": 480, "y": 96, "w": 96, "h": 96 },
    "rotated": false,
    "trimmed": false,
    "spriteSourceSize": { "x": 0, "y": 0, "w": 96, "h": 96 },
    "sourceSize": { "w": 96, "h": 96 },
    "duration": 100
   },
   "Shark #Run 5.aseprite": {
    "frame": { "x": 0, "y": 192, "w": 96, "h": 96 },
    "rotated": false,
    "trimmed": false,
    "spriteSourceSize": { "x": 0, "y": 0, "w": 96, "h": 96 },
    "sourceSize": { "w": 96, "h": 96 },
    "duration": 100
   },
   "Shark #Attack 0.aseprite": {
    "frame": { "x": 96, "y": 192, "w": 96, "h": 96 },
    "rotated": false,
    "trimmed": false,
    "spriteSourceSize": { "x": 0, "y": 0, "w": 96, "h": 96 },
    "sourceSize": { "w": 96, "h": 96 },
    "duration": 100
   },
   "Shark #Attack 1.aseprite": {
    "frame": { "x": 192, "y": 192, "w": 96, "h": 96 },
    "rotated": false,
    "trimmed": false,
    "spriteSourceSize": { "x": 0, "y": 0, "w": 96, "h": 96 },
    "sourceSize": { "w": 96, "h": 96 },
    "duration": 100
   },
   "Shark #Attack 2.aseprite": {
    "frame": { "x": 288, "y": 192, "w": 96, "h": 96 },
    "rotated": false,
    "trimmed": false,
    "spriteSourceSize": { "x": 0, "y": 0, "w": 96, "h": 96 },
    "sourceSize": { "w": 96, "h": 96 },
    "duration": 5000
   },
   "Shark #Attack 3.aseprite": {
    "frame": { "x": 384, "y": 192, "w": 96, "h": 96 },
    "rotated": false,
    "trimmed": false,
    "spriteSourceSize": { "x": 0, "y": 0, "w": 96, "h": 96 },
    "sourceSize": { "w": 96, "h": 96 },
    "duration": 100
   },
   "Shark #Attack 4.aseprite": {
    "frame": { "x": 480, "y": 192, "w": 96, "h": 96 },
    "rotated": false,
    "trimmed": false,
    "spriteSourceSize": { "x": 0, "y": 0, "w": 96, "h": 96 },
    "sourceSize": { "w": 96, "h": 96 },
    "duration": 100
   },
   "Shark #Attack 5.aseprite": {
    "frame": { "x": 0, "y": 288, "w": 96, "h": 96 },
    "rotated": false,
    "trimmed": false,
    "spriteSourceSize": { "x": 0, "y": 0, "w": 96, "h": 96 },
    "sourceSize": { "w": 96, "h": 96 },
    "duration": 100
   },
   "Shark #Attack 6.aseprite": {
    "frame": { "x": 96, "y": 288, "w": 96, "h": 96 },
    "rotated": false,
    "trimmed": false,
    "spriteSourceSize": { "x": 0, "y": 0, "w": 96, "h": 96 },
    "sourceSize": { "w": 96, "h": 96 },
    "duration": 100
   },
   "Shark #Attack 7.aseprite": {
    "frame": { "x": 192, "y": 288, "w": 96, "h": 96 },
    "rotated": false,
    "trimmed": false,
    "spriteSourceSize": { "x": 0, "y": 0, "w": 96, "h": 96 },
    "sourceSize": { "w": 96, "h": 96 },
    "duration": 100
   },
   "Shark #Hit 0.aseprite": {
    "frame": { "x": 288, "y": 288, "w": 96, "h": 96 },
    "rotated": false,
    "trimmed": false,
    "spriteSourceSize": { "x": 0, "y": 0, "w": 96, "h": 96 },
    "sourceSize": { "w": 96, "h": 96 },
    "duration": 100
   },
   "Shark #Hit 1.aseprite": {
    "frame": { "x": 384, "y": 288, "w": 96, "h": 96 },
    "rotated": false,
    "trimmed": false,
    "spriteSourceSize": { "x": 0, "y": 0, "w": 96, "h": 96 },
    "sourceSize": { "w": 96, "h": 96 },
    "duration": 100
   },
   "Shark #Hit 2.aseprite": {
    "frame": { "x": 480, "y": 288, "w": 96, "h": 96 },
    "rotated": false,
    "trimmed": false,
    "spriteSourceSize": { "x": 0, "y": 0, "w": 96, "h": 96 },
    "sourceSize": { "w": 96, "h": 96 },
    "duration": 100
   },
   "Shark #Hit 3.aseprite": {
    "frame": { "x": 0, "y": 384, "w": 96, "h": 96 },
    "rotated": false,
    "trimmed": false,
    "spriteSourceSize": { "x": 0, "y": 0, "w": 96, "h": 96 },
    "sourceSize": { "w": 96, "h": 96 },
    "duration": 5000
   },
   "Shark #Dead Hit 0.aseprite": {
    "frame": { "x": 96, "y": 384, "w": 96, "h": 96 },
    "rotated": false,
    "trimmed": false,
    "spriteSourceSize": { "x": 0, "y": 0, "w": 96, "h": 96 },
    "sourceSize": { "w": 96, "h": 96 },
    "duration": 100
   },
   "Shark #Dead Hit 1.aseprite": {
    "frame": { "x": 192, "y": 384, "w": 96, "h": 96 },
    "rotated": false,
    "trimmed": false,
    "spriteSourceSize": { "x": 0, "y": 0, "w": 96, "h": 96 },
    "sourceSize": { "w": 96, "h": 96 },
    "duration": 100
   },
   "Shark #Dead Hit 2.aseprite": {
    "frame": { "x": 288, "y": 384, "w": 96, "h": 96 },
    "rotated": false,
    "trimmed": false,
    "spriteSourceSize": { "x": 0, "y": 0, "w": 96, "h": 96 },
    "sourceSize": { "w": 96, "h": 96 },
    "duration": 100
   },
   "Shark #Dead Hit 3.aseprite": {
    "frame": { "x": 384, "y": 384, "w": 96, "h": 96 },
    "rotated": false,
    "trimmed": false,
    "spriteSourceSize": { "x": 0, "y": 0, "w": 96, "h": 96 },
    "sourceSize": { "w": 96, "h": 96 },
    "duration": 5000
   }
 },
 "meta": {
  "app": "https://www.aseprite.org/",
  "version": "1.2.40-x64",
  "image": "Shark.png",
  "format": "RGBA8888",
  "size": { "w": 576, "h": 480 },
  "scale": "1",
  "frameTags": [
   { "name": "Idle", "from": 0, "to": 7, "direction": "forward" },
   { "name": "Run", "from": 8, "to": 13, "direction": "forward" },
   { "name": "Attack", "from": 14, "to": 21, "direction": "forward" },
   { "name": "Hit", "from": 22, "to": 25, "direction": "forward" },
   { "name": "Dead Hit", "from": 26, "to": 29, "direction": "forward" }
  ],
  "layers": [
   { "name": "Fierce Tooth", "opacity": 255, "blendMode": "normal" },
   { "name": "Effect", "opacity": 255, "blendMode": "normal" }
  ],
  "slices": [
  ]
 }
}
