{ "frames": {
   "Captain #Sword Idle 0.aseprite": {
    "frame": { "x": 0, "y": 0, "w": 96, "h": 96 },
    "rotated": false,
    "trimmed": false,
    "spriteSourceSize": { "x": 0, "y": 0, "w": 96, "h": 96 },
    "sourceSize": { "w": 96, "h": 96 },
    "duration": 100
   },
   "Captain #Sword Idle 1.aseprite": {
    "frame": { "x": 96, "y": 0, "w": 96, "h": 96 },
    "rotated": false,
    "trimmed": false,
    "spriteSourceSize": { "x": 0, "y": 0, "w": 96, "h": 96 },
    "sourceSize": { "w": 96, "h": 96 },
    "duration": 100
   },
   "Captain #Sword Idle 2.aseprite": {
    "frame": { "x": 192, "y": 0, "w": 96, "h": 96 },
    "rotated": false,
    "trimmed": false,
    "spriteSourceSize": { "x": 0, "y": 0, "w": 96, "h": 96 },
    "sourceSize": { "w": 96, "h": 96 },
    "duration": 100
   },
   "Captain #Sword Idle 3.aseprite": {
    "frame": { "x": 288, "y": 0, "w": 96, "h": 96 },
    "rotated": false,
    "trimmed": false,
    "spriteSourceSize": { "x": 0, "y": 0, "w": 96, "h": 96 },
    "sourceSize": { "w": 96, "h": 96 },
    "duration": 100
   },
   "Captain #Sword Idle 4.aseprite": {
    "frame": { "x": 0, "y": 96, "w": 96, "h": 96 },
    "rotated": false,
    "trimmed": false,
    "spriteSourceSize": { "x": 0, "y": 0, "w": 96, "h": 96 },
    "sourceSize": { "w": 96, "h": 96 },
    "duration": 100
   },
   "Captain #Sword Idle 5.aseprite": {
    "frame": { "x": 96, "y": 96, "w": 96, "h": 96 },
    "rotated": false,
    "trimmed": false,
    "spriteSourceSize": { "x": 0, "y": 0, "w": 96, "h": 96 },
    "sourceSize": { "w": 96, "h": 96 },
    "duration": 100
   },
   "Captain #Sword Idle 6.aseprite": {
    "frame": { "x": 192, "y": 96, "w": 96, "h": 96 },
    "rotated": false,
    "trimmed": false,
    "spriteSourceSize": { "x": 0, "y": 0, "w": 96, "h": 96 },
    "sourceSize": { "w": 96, "h": 96 },
    "duration": 100
   },
   "Captain #Sword Idle 7.aseprite": {
    "frame": { "x": 288, "y": 96, "w": 96, "h": 96 },
    "rotated": false,
    "trimmed": false,
    "spriteSourceSize": { "x": 0, "y": 0, "w": 96, "h": 96 },
    "sourceSize": { "w": 96, "h": 96 },
    "duration": 100
   },
   "Captain #Sword Spinning 0.aseprite": {
    "frame": { "x": 0, "y": 192, "w": 96, "h": 96 },
    "rotated": false,
    "trimmed": false,
    "spriteSourceSize": { "x": 0, "y": 0, "w": 96, "h": 96 },
    "sourceSize": { "w": 96, "h": 96 },
    "duration": 100
   },
   "Captain #Sword Spinning 1.aseprite": {
    "frame": { "x": 96, "y": 192, "w": 96, "h": 96 },
    "rotated": false,
    "trimmed": false,
    "spriteSourceSize": { "x": 0, "y": 0, "w": 96, "h": 96 },
    "sourceSize": { "w": 96, "h": 96 },
    "duration": 100
   },
   "Captain #Sword Spinning 2.aseprite": {
    "frame": { "x": 192, "y": 192, "w": 96, "h": 96 },
    "rotated": false,
    "trimmed": false,
    "spriteSourceSize": { "x": 0, "y": 0, "w": 96, "h": 96 },
    "sourceSize": { "w": 96, "h": 96 },
    "duration": 100
   },
   "Captain #Sword Spinning 3.aseprite": {
    "frame": { "x": 288, "y": 192, "w": 96, "h": 96 },
    "rotated": false,
    "trimmed": false,
    "spriteSourceSize": { "x": 0, "y": 0, "w": 96, "h": 96 },
    "sourceSize": { "w": 96, "h": 96 },
    "duration": 100
   },
   "Captain #Sword Embedded 0.aseprite": {
    "frame": { "x": 0, "y": 288, "w": 96, "h": 96 },
    "rotated": false,
    "trimmed": false,
    "spriteSourceSize": { "x": 0, "y": 0, "w": 96, "h": 96 },
    "sourceSize": { "w": 96, "h": 96 },
    "duration": 100
   },
   "Captain #Sword Embedded 1.aseprite": {
    "frame": { "x": 96, "y": 288, "w": 96, "h": 96 },
    "rotated": false,
    "trimmed": false,
    "spriteSourceSize": { "x": 0, "y": 0, "w": 96, "h": 96 },
    "sourceSize": { "w": 96, "h": 96 },
    "duration": 100
   },
   "Captain #Sword Embedded 2.aseprite": {
    "frame": { "x": 192, "y": 288, "w": 96, "h": 96 },
    "rotated": false,
    "trimmed": false,
    "spriteSourceSize": { "x": 0, "y": 0, "w": 96, "h": 96 },
    "sourceSize": { "w": 96, "h": 96 },
    "duration": 100
   },
   "Captain #Sword Embedded 3.aseprite": {
    "frame": { "x": 288, "y": 288, "w": 96, "h": 96 },
    "rotated": false,
    "trimmed": false,
    "spriteSourceSize": { "x": 0, "y": 0, "w": 96, "h": 96 },
    "sourceSize": { "w": 96, "h": 96 },
    "duration": 5000
   }
 },
 "meta": {
  "app": "https://www.aseprite.org/",
  "version": "1.2.40-x64",
  "image": "Sword.png",
  "format": "RGBA8888",
  "size": { "w": 384, "h": 384 },
  "scale": "1",
  "frameTags": [
   { "name": "Idle", "from": 0, "to": 4, "direction": "forward" },
   { "name": "Run", "from": 5, "to": 10, "direction": "forward" },
   { "name": "JumpRise", "from": 11, "to": 13, "direction": "forward" },
   { "name": "Fall", "from": 14, "to": 14, "direction": "forward" },
   { "name": "Dead Hit", "from": 15, "to": 18, "direction": "forward" },
   { "name": "Attack 1", "from": 19, "to": 21, "direction": "forward" },
   { "name": "Attack 2", "from": 22, "to": 24, "direction": "forward" },
   { "name": "Attack 3", "from": 25, "to": 27, "direction": "forward" },
   { "name": "Air Attack 1", "from": 28, "to": 30, "direction": "forward" },
   { "name": "Air Attack 2", "from": 31, "to": 33, "direction": "forward" },
   { "name": "Throw Sword", "from": 34, "to": 36, "direction": "forward" },
   { "name": "Sword Idle", "from": 37, "to": 44, "direction": "forward" },
   { "name": "Sword Spinning", "from": 45, "to": 48, "direction": "forward" },
   { "name": "Sword Embedded", "from": 49, "to": 52, "direction": "forward" }
  ],
  "layers": [
   { "name": "Captain", "opacity": 255, "blendMode": "normal" },
   { "name": "Effect", "opacity": 255, "blendMode": "normal" }
  ],
  "slices": [
  ]
 }
}
